265.63574,0.0039389627,0.00030456076,-1.5735626e-05,0.1563554
265.83594,0.007674763,0.00063835894,2.3841858e-06,0.22009301
266.03613,0.012067853,0.00096960709,1.5497208e-05,0.27529901
266.23633,0.015318453,0.001352282,7.5817108e-05,0.34861466
266.43652,0.01964701,0.0018243127,9.2744827e-05,0.44283229
266.63672,0.024527691,0.0023809106,0.0001783371,0.53430063
266.83691,0.026669264,0.0031203863,0.00023722649,0.65908468
267.03711,0.030811388,0.0037041733,0.00027012825,0.78752226
267.2373,0.034286663,0.0043940661,0.00034618378,0.92239749
267.4375,0.039021544,0.0047545345,0.00040555,1.0336964
267.6377,0.04254223,0.0055141961,0.00048589706,1.195479
267.83789,0.04689708,0.0061726165,0.00051188469,1.3600895
268.03809,0.051526796,0.0068868613,0.00067353249,1.5258512
268.23828,0.054261122,0.0075976322,0.0007250309,1.6930121
268.43848,0.059333015,0.0084943604,0.00081062317,1.8933256
268.63867,0.063224174,0.0090975231,0.00082492828,2.049495
268.83887,0.067586191,0.0099194795,0.00097084045,2.2602401
269.03906,0.072239809,0.010754065,0.0010461807,2.4695678
269.23926,0.075557336,0.011298491,0.0011467934,2.6246409
269.43945,0.079051733,0.012060443,0.001234293,2.8019924
269.63965,0.084465414,0.01287795,0.0013048649,3.0096834
269.83984,0.087682553,0.013620912,0.0013995171,3.1907518
270.04004,0.091306016,0.014328549,0.0014863014,3.3730156
270.24023,0.096021779,0.015149252,0.0015950203,3.5530088
270.44043,0.099399053,0.015852232,0.0016617775,3.7242725
270.64063,0.1035842,0.016672734,0.0018019676,3.9203675
270.84082,0.1085318,0.017418826,0.0018815994,4.0986567
271.04102,0.11111555,0.018049696,0.001945734,4.2464995
271.24121,0.11472946,0.018838104,0.0020594597,4.4081926
271.44141,0.12004276,0.019620139,0.0021748543,4.5570478
271.6416,0.12373075,0.020297507,0.0022711754,4.6790862
271.8418,0.12821227,0.021082094,0.0024015903,4.8243637
272.04199,0.13034669,0.021652836,0.0025115013,4.9253192
272.24219,0.13564324,0.022267632,0.0026378632,5.0141373
272.44238,0.13877434,0.022862665,0.002746582,5.1056967
272.64258,0.14406374,0.023464492,0.0028629303,5.1930079
272.84277,0.14748882,0.024119722,0.0029914379,5.274684
273.04297,0.15205638,0.024632053,0.0031249523,5.3612938
273.24316,0.15619852,0.025319988,0.0032684803,5.439136
273.44336,0.16014464,0.025932528,0.0034565926,5.5169382
273.64355,0.16491538,0.026794156,0.0035965443,5.6079593
273.84375,0.16827592,0.027358394,0.0037643909,5.6457982
274.04395,0.17188983,0.028359346,0.0039031506,5.7025571
274.24414,0.17560172,0.029397771,0.0041511059,5.7701316
274.44434,0.18108712,0.030872907,0.0043082237,5.8606548
274.64453,0.18339838,0.031880993,0.0045871735,5.8602715
274.84473,0.18758592,0.033608515,0.0048787594,5.9141088
275.04492,0.1918619,0.035284933,0.005177021,5.9427104
275.24512,0.19624543,0.037404567,0.0054535866,5.974216
275.44531,0.19864036,0.03948722,0.0058863163,5.9712944
275.64551,0.20405643,0.041461125,0.0065236092,5.9759617
275.8457,0.20660912,0.044063978,0.0072360039,6.0114474
276.0459,0.21156149,0.046427872,0.0080912113,6.0098944
276.24609,0.21560085,0.048820857,0.0091228485,6.0320392
276.44629,0.21966888,0.051831603,0.010252714,6.0375428
276.64648,0.22435117,0.05488636,0.011525869,6.049438
276.84668,0.22772367,0.058325145,0.012753963,6.0431118
277.04688,0.2309408,0.06172929,0.014041662,6.0612245
277.24707,0.23563506,0.064695761,0.015038967,6.040091
277.44727,0.24044882,0.068008028,0.016106367,6.0708542
277.64746,0.24401969,0.071087644,0.017070293,6.071568
277.84766,0.24763121,0.074063301,0.017935276,6.108705
278.04785,0.25183547,0.076836072,0.018675089,6.1080875
278.24805,0.25520799,0.079380557,0.01934886,6.1152067
278.44824,0.25873104,0.081896566,0.01998806,6.1135798
278.64844,0.26378861,0.084495924,0.020619869,6.1658554
278.84863,0.26828447,0.086560979,0.021184444,6.1442356
279.04883,0.27158764,0.088684708,0.021735668,6.1718349
279.24902,0.27613372,0.09078081,0.022171974,6.1983733
279.44922,0.27958509,0.092494987,0.022647619,6.1829762
279.64941,0.2829026,0.094534092,0.023109674,6.2111306
279.84961,0.28770202,0.096224606,0.023574114,6.1992497
280.0498,0.29203296,0.098052539,0.024007797,6.2349062
280.25,0.29476252,0.09959539,0.024380684,6.2367859
280.4502,0.299887,0.10120346,0.024808407,6.2527404
280.65039,0.30242771,0.10256924,0.025210142,6.2487154
280.85059,0.30727494,0.10437509,0.025655508,6.2691064
281.05078,0.311625,0.10593127,0.026043177,6.2654514
281.25098,0.31686899,0.1075454,0.026425362,6.2983837
281.45117,0.32168752,0.10905254,0.026854515,6.291616
281.65137,0.3240442,0.11055509,0.02720952,6.3082886
281.85156,0.32724941,0.11204123,0.02765727,6.316381
282.05176,0.33258659,0.11388035,0.028078318,6.348815
282.25195,0.33584914,0.11543266,0.028467894,6.3558631
282.45215,0.34118158,0.11706822,0.028881788,6.341814
282.65234,0.34442261,0.11876723,0.029231071,6.354053
282.85254,0.34789309,0.12038827,0.029682636,6.3723679
283.05273,0.35140422,0.12206215,0.030080795,6.3878169
283.25293,0.35525236,0.1236188,0.030532598,6.4106107
283.45313,0.35970044,0.12510596,0.030883789,6.3849401
283.65332,0.36360592,0.12689118,0.031274319,6.4179902
283.85352,0.36864436,0.12842084,0.031711102,6.4498196
284.05371,0.37209812,0.1302519,0.032092333,6.4447689
284.25391,0.37644103,0.13185823,0.032495737,6.445034
284.4541,0.37984219,0.13357466,0.032948971,6.4776793
284.6543,0.38423052,0.13523704,0.033383608,6.4610977
284.85449,0.38872638,0.13686621,0.033770084,6.4898529
285.05469,0.39251477,0.13869679,0.034139633,6.5040436
285.25488,0.39622667,0.14047498,0.034572124,6.5187864
285.45508,0.39956093,0.14196891,0.034954786,6.5174174
285.65527,0.4042719,0.14385939,0.035399199,6.547965
285.85547,0.40896136,0.14552872,0.035785675,6.5651889
286.05566,0.41239601,0.14728324,0.036237001,6.5469284
286.25586,0.41499889,0.14898549,0.036621094,6.5592947
286.45605,0.42124671,0.15092771,0.037072182,6.5841651
286.65625,0.42413163,0.15274584,0.037529707,6.592824
286.85645,0.42750892,0.15435435,0.037907362,6.5842128
287.05664,0.43052766,0.15625224,0.038410902,6.6297064
287.25684,0.43643612,0.15789604,0.038778067,6.6133084
287.45703,0.43985879,0.15967493,0.03916502,6.6454306
287.65723,0.44313809,0.16126923,0.039574385,6.6298151
287.85742,0.44840357,0.16319476,0.039966583,6.6716747
288.05762,0.45112118,0.16510957,0.040386438,6.6800418
288.25781,0.45515573,0.16683899,0.040779591,6.6549826
288.45801,0.46024916,0.16871399,0.04125905,6.6907582
288.6582,0.46333483,0.17059721,0.04169035,6.7108145
288.8584,0.46847126,0.17231809,0.042035103,6.6993651
289.05859,0.47152826,0.17412007,0.042493105,6.7309313
289.25879,0.47672442,0.17594261,0.04291296,6.7495785
289.45898,0.48070401,0.17775579,0.043311357,6.7332487
289.65918,0.48563728,0.17947552,0.043749571,6.7646685
289.85938,0.48766413,0.18117028,0.044142008,6.7523112
290.05957,0.492062,0.18312261,0.044576168,6.7859015
290.25977,0.49525762,0.18467766,0.044930696,6.7756486
290.45996,0.50026739,0.18668787,0.045384169,6.7972589
290.66016,0.50406772,0.18837273,0.045755148,6.8039341
290.86035,0.50815964,0.1902248,0.046210527,6.8020358
291.06055,0.51116168,0.19198158,0.046639204,6.8031182
291.26074,0.51723981,0.19389342,0.047024012,6.8286719
291.46094,0.52001238,0.19550534,0.047403336,6.8267479
291.66113,0.52426684,0.19726919,0.047827721,6.8591776
291.86133,0.52797395,0.19907805,0.048252344,6.8743167
292.06152,0.53160697,0.20087612,0.048623085,6.8731441
292.26172,0.53635859,0.20279248,0.049105883,6.9087243
292.46191,0.53936303,0.20449738,0.049476385,6.886497
292.66211,0.54400468,0.2064122,0.049934626,6.8868833
292.8623,0.54850054,0.2082866,0.050362587,6.9121561
293.0625,0.55206907,0.21012023,0.050779581,6.9242125
293.2627,0.55575228,0.21170323,0.051164865,6.915463
293.46289,0.56019795,0.21347024,0.051517725,6.9480119
293.66309,0.56315213,0.21533427,0.052020788,6.9524717
293.86328,0.5688718,0.21706417,0.052437067,6.9502516
294.06348,0.57131213,0.21889153,0.052821875,6.9529815
294.26367,0.57518655,0.22078271,0.053217649,6.9645915
294.46387,0.58076274,0.22281373,0.053710222,7.0007224
294.66406,0.58425713,0.22447489,0.054070711,6.9905338
294.86426,0.58874345,0.22640742,0.054500341,7.0127029
295.06445,0.59138697,0.22822307,0.054955721,7.007318
295.26465,0.59581828,0.22999848,0.055352211,7.0139456
295.46484,0.59949911,0.2318123,0.055750132,7.0270457
295.66504,0.60340941,0.23381689,0.056153774,7.0494518
295.86523,0.60775948,0.23552212,0.056562662,7.0559721
296.06543,0.61168647,0.23724018,0.056952238,7.0533485
296.26563,0.617571,0.23915182,0.057383776,7.0644116
296.46582,0.62015957,0.24106742,0.057823896,7.0708685
296.66602,0.62393361,0.24304883,0.058232069,7.1048517
296.86621,0.62854183,0.24486254,0.058691978,7.0858369
297.06641,0.63052803,0.2466564,0.059147596,7.1187038
297.2666,0.63618308,0.24846952,0.059557199,7.1019545
297.4668,0.6406216,0.25013015,0.059938431,7.1231985
297.66699,0.64405149,0.25204808,0.060361147,7.1326342
297.86719,0.64827484,0.25385141,0.060757637,7.1382933
298.06738,0.65177643,0.2556935,0.061176062,7.146059
298.26758,0.65592331,0.25760385,0.061581373,7.1514401
298.46777,0.66125572,0.25957572,0.062000751,7.2017279
298.66797,0.66618425,0.2612617,0.062448263,7.1755767
298.86816,0.66832817,0.26318216,0.062865019,7.1908388
299.06836,0.67148799,0.26495475,0.063311338,7.1851759
299.26855,0.67515922,0.26690054,0.063767433,7.2139916
299.46875,0.68076175,0.26888758,0.064163208,7.2071733
299.66895,0.68397886,0.27062631,0.064587116,7.2056932
299.86914,0.68827158,0.272421,0.064995527,7.1996107
300.06934,0.69182575,0.27432629,0.065407991,7.2127843
300.26953,0.69555199,0.27629736,0.065845728,7.2457108
300.46973,0.69953156,0.27805483,0.066237211,7.2422538
300.66992,0.70487595,0.27973336,0.06666255,7.22721
300.87012,0.70751226,0.28153118,0.067047119,7.2477145
301.07031,0.71323907,0.28354883,0.067475796,7.2751565
301.27051,0.7161144,0.28542343,0.067826748,7.2708211
301.4707,0.72147071,0.28722978,0.068292379,7.2835684
301.6709,0.72427917,0.28912678,0.068739414,7.30581
301.87109,0.72860533,0.29094407,0.069117785,7.2900186
302.07129,0.73039556,0.29280633,0.069570065,7.3050518
302.27148,0.73535508,0.29466042,0.06998539,7.3169556
302.47168,0.74100542,0.29653329,0.070394754,7.3265591
302.67188,0.74419385,0.29838833,0.070813417,7.3263516
302.87207,0.74734646,0.30018586,0.071257591,7.3224602
303.07227,0.75250918,0.30208668,0.071701765,7.3489118
303.27246,0.75698113,0.30400366,0.072103977,7.3569212
303.47266,0.76002622,0.30574501,0.072523117,7.3587441
303.67285,0.76257646,0.30776027,0.072963476,7.352653
303.87305,0.76885539,0.30966702,0.073399305,7.3918128
304.07324,0.77266526,0.31155661,0.073814154,7.3696461
304.27344,0.77598757,0.31349531,0.074238539,7.3914747
304.47363,0.77978075,0.31534728,0.07469058,7.3901315
304.67383,0.7842527,0.31719846,0.07508707,7.4046702
304.87402,0.78881311,0.31899598,0.07545948,7.411725
305.07422,0.79230034,0.32082653,0.075911522,7.4039822
305.27441,0.79604095,0.32285672,0.076344252,7.4419045
305.47461,0.80002767,0.32462406,0.076696396,7.422194
305.6748,0.80478889,0.32654634,0.077163696,7.425849
305.875,0.80798692,0.32835537,0.077584982,7.4414668
306.0752,0.81189001,0.33044824,0.078088999,7.4781008
306.27539,0.81724393,0.33228129,0.078469992,7.472465
306.47559,0.81942135,0.33410975,0.0788517,7.4695268
306.67578,0.82401282,0.33592737,0.079253197,7.4627247
306.87598,0.8273471,0.33798811,0.079723358,7.4831939
307.07617,0.8318525,0.33977607,0.080102205,7.4929209
307.27637,0.8365109,0.34167215,0.080536842,7.4925251
307.47656,0.8398428,0.3436594,0.080947638,7.4946222
307.67676,0.84466606,0.34546691,0.081390619,7.519146
307.87695,0.84814852,0.34731552,0.081849813,7.5107689
308.07715,0.85299337,0.3491765,0.082253218,7.5137167
308.27734,0.85582328,0.35114774,0.082647562,7.5208082
308.47754,0.85894006,0.35308945,0.083099604,7.5208025
308.67773,0.86375618,0.35508752,0.083529472,7.5442309
308.87793,0.86868227,0.35700372,0.084008932,7.5672898
309.07813,0.87313277,0.35891333,0.08444047,7.559782
309.27832,0.8752504,0.36077449,0.084837198,7.5339961
309.47852,0.88007134,0.36273545,0.085247278,7.565784
309.67871,0.88450986,0.36457726,0.085716009,7.5695348
309.87891,0.88843209,0.36668703,0.086161375,7.5861497
310.0791,0.89187628,0.36862898,0.086575747,7.5906534
310.2793,0.89669722,0.37040555,0.08697629,7.5858154
310.47949,0.89939326,0.3723056,0.087431192,7.5857701
310.67969,0.90488106,0.37431866,0.087849379,7.6015272
310.87988,0.90871489,0.37592128,0.088244915,7.6006584
311.08008,0.91227138,0.37792876,0.088680267,7.6258879
311.28027,0.91719991,0.3797991,0.089060545,7.6247263
311.48047,0.92042661,0.38178807,0.089473963,7.6220021
311.68066,0.92397356,0.38376993,0.089947462,7.6449451
311.88086,0.92834276,0.38566598,0.090335846,7.6326594
312.08105,0.93219566,0.38765931,0.090805292,7.6338601
312.28125,0.93612987,0.38954446,0.091258049,7.6373606
312.48145,0.94094121,0.39168495,0.091664314,7.6606035
312.68164,0.94459814,0.39369142,0.092129707,7.6646771
312.88184,0.94879526,0.39549288,0.092523575,7.6633096
313.08203,0.95201719,0.39728773,0.092955589,7.6513786
313.28223,0.95629793,0.39925197,0.093366385,7.6727023
313.48242,0.9600361,0.40116587,0.093791962,7.6760221
313.68262,0.96546888,0.40302965,0.094216824,7.6699977
313.88281,0.96762484,0.40503258,0.0946064,7.6650925
314.08301,0.97371733,0.40691727,0.095070839,7.6932855
314.2832,0.97611225,0.40889156,0.095521927,7.6855893
314.4834,0.98127019,0.41096854,0.095933199,7.6965694
314.68359,0.98340219,0.41269296,0.096386671,7.6910334
314.88379,0.9881227,0.41472688,0.096806526,7.7121806
315.08398,0.99175572,0.41661042,0.097238302,7.7176709
315.28418,0.99660057,0.41857445,0.097671747,7.7354436
315.48438,1.0003579,0.42051175,0.098026276,7.7261887
315.68457,1.0046721,0.42257643,0.098506927,7.7217889
315.88477,1.0077865,0.42453665,0.098954678,7.7220955
316.08496,1.0119835,0.42631075,0.099390745,7.7428651
316.28516,1.0156189,0.42814419,0.099755764,7.7516322
316.48535,1.0204256,0.42999971,0.10019445,7.7393341
316.68555,1.0235758,0.43201795,0.10063314,7.7492805
316.88574,1.0286046,0.434203,0.10110044,7.7633467
317.08594,1.0316712,0.43607071,0.10144639,7.7746301
317.28613,1.0363679,0.43809247,0.10189509,7.7695556
317.48633,1.0393747,0.43998921,0.10238385,7.7811861
317.68652,1.0439208,0.44200438,0.10280132,7.7846432
317.88672,1.0487249,0.44409698,0.10324717,7.7985425
318.08691,1.0516313,0.44592178,0.1036222,7.7756166
318.28711,1.0563973,0.44780216,0.10406947,7.784266
318.4873,1.0600159,0.44966966,0.10451841,7.7964325
318.6875,1.0656614,0.45164305,0.10489273,7.8157334
318.8877,1.0682691,0.45352563,0.10532665,7.8230834
319.08789,1.072275,0.45547235,0.10575557,7.7933111
319.28809,1.0771676,0.45767161,0.10620141,7.8625531
319.48828,1.0802008,0.45956939,0.10666347,7.7987804
319.68848,1.0857842,0.46140251,0.10706353,7.8188043
319.88867,1.0888962,0.4634732,0.10753202,7.8423238
320.08887,1.0923666,0.46550331,0.10794783,7.8345475
320.28906,1.0971349,0.4673751,0.10837626,7.8241653
320.48926,1.1024698,0.4693878,0.1088357,7.8605042
320.68945,1.1040114,0.47134557,0.10923529,7.8513989
320.88965,1.1074963,0.47307003,0.10966706,7.8381457
321.08984,1.1140429,0.47522876,0.11013103,7.8628793
321.29004,1.1164689,0.47708717,0.11052084,7.8503971
321.49023,1.12085,0.47920272,0.11094427,7.8885574
321.69043,1.1239357,0.48113221,0.11140919,7.8629255
321.89063,1.1295286,0.48324916,0.11186075,7.8930044
322.09082,1.1331043,0.48525953,0.11221957,7.8994679
322.29102,1.1360179,0.48715216,0.11267328,7.8700128
322.49121,1.1410468,0.48928344,0.11315346,7.9045253
322.69141,1.1440846,0.491211,0.11355948,7.8968229
322.8916,1.1493859,0.49311873,0.11398649,7.8858638
323.0918,1.1527776,0.49520969,0.1143961,7.9139304
323.29199,1.1565086,0.49699736,0.11478782,7.8887029
323.49219,1.1602635,0.49902698,0.1152463,7.893095
323.69238,1.1642455,0.50097746,0.11566901,7.9094367
323.89258,1.1693556,0.50308675,0.11613536,7.9202657
324.09277,1.1717051,0.50491089,0.11654282,7.9113812
324.29297,1.1763636,0.5070706,0.11699557,7.9392967
324.49316,1.1810315,0.50912493,0.11746883,7.9137492
324.69336,1.1843443,0.51111293,0.11788821,7.9273806
324.89355,1.1891819,0.51317209,0.11833215,7.9527888
325.09375,1.1930276,0.51492876,0.11873937,7.9250998
325.29395,1.1973538,0.51707965,0.1191833,7.9463453
325.49414,1.2000594,0.51900816,0.11961532,7.9305925
325.69434,1.2042661,0.52106965,0.12004781,7.9424691
325.89453,1.2082218,0.52298433,0.12045884,7.9452944
326.09473,1.2126795,0.52504528,0.12089968,7.945024
326.29492,1.2152488,0.5269646,0.12134147,7.9579926
326.49512,1.2206553,0.52905297,0.12177682,7.9592595
326.69531,1.2245011,0.53118968,0.12225127,7.969027
326.89551,1.2286671,0.5331763,0.12269926,7.9776783
327.0957,1.231815,0.53523684,0.12309837,7.9674897
327.2959,1.237059,0.53737259,0.12359786,7.9589295
327.49609,1.2398649,0.53913754,0.12398338,7.9598393
327.69629,1.2451233,0.54117745,0.12441206,7.9804988
327.89648,1.2497746,0.54331583,0.124892,7.9790626
328.09668,1.2531853,0.54535866,0.12526083,7.9824653
328.29688,1.2573584,0.54763943,0.12574172,7.9995823
328.49707,1.2619953,0.5495255,0.12619734,8.0060139
328.69727,1.26407,0.5516268,0.12661672,8.0128784
328.89746,1.2685683,0.55344182,0.1270268,8.0054617
329.09766,1.2725143,0.55534995,0.12750053,7.9989276
329.29785,1.27707,0.55740678,0.12793899,8.0124578
329.49805,1.2807007,0.55945426,0.12835765,8.0115614
329.69824,1.2839489,0.56147468,0.12877274,7.9974966
329.89844,1.288655,0.56373262,0.12929487,8.0172186
330.09863,1.2914062,0.56562734,0.12969708,8.0103836
330.29883,1.296313,0.5676676,0.13010001,8.0206852
330.49902,1.2998123,0.56973547,0.13055682,8.0187788
330.69922,1.3054148,0.57182831,0.13101888,8.0318651
330.89941,1.3080702,0.5737589,0.13145018,8.0413256
331.09961,1.3129508,0.57594043,0.13188958,8.04249
331.2998,1.3168133,0.57775861,0.13231158,8.0353527
331.5,1.3200998,0.57981879,0.1327486,8.0439291
331.7002,1.3251933,0.58181602,0.13320208,8.0579653
331.90039,1.3282359,0.58393157,0.13361096,8.0575905
332.10059,1.3329326,0.58581299,0.13401556,8.0422421
332.30078,1.3367711,0.58812666,0.13447189,8.0582027
332.50098,1.3391349,0.59019774,0.13495278,8.0625935
332.70117,1.3439296,0.59224778,0.13539267,8.0471735
332.90137,1.3491999,0.59440595,0.1358242,8.0680075
333.10156,1.3524457,0.59642041,0.13629866,8.0686951
333.30176,1.3572332,0.59846324,0.13674283,8.0680466
333.50195,1.3611578,0.60066754,0.13718176,8.087925
333.70215,1.3661675,0.6024965,0.1376102,8.0694342
333.90234,1.3694707,0.60455531,0.13796663,8.0798683
334.10254,1.3736655,0.60649294,0.1384418,8.0715208
334.30273,1.3761129,0.60861272,0.13886714,8.0767517
334.50293,1.380518,0.61060506,0.13929772,8.0756092
334.70313,1.3853891,0.6128031,0.13975954,8.0899563
334.90332,1.3888978,0.61480665,0.14021873,8.0867424
335.10352,1.393365,0.61685646,0.14061522,8.1035728
335.30371,1.3966061,0.61892575,0.14109659,8.112319
335.50391,1.4003849,0.62109965,0.14156985,8.1002426
335.7041,1.4056361,0.62307698,0.14201665,8.1036386
335.9043,1.407161,0.62521797,0.14246178,8.1104231
336.10449,1.4129809,0.62731129,0.14288545,8.1238394
336.30469,1.4164897,0.62937957,0.14332247,8.0939541
336.50488,1.421227,0.63141304,0.14376616,8.1043062
336.70508,1.4248576,0.63325834,0.14418006,8.091073
336.90527,1.4287941,0.63567936,0.14469838,8.1347227
337.10547,1.4327164,0.63766515,0.14509749,8.1126099
337.30566,1.43661,0.63980854,0.14552927,8.1154995
337.50586,1.440874,0.64180559,0.14599514,8.1127748
337.70605,1.4459004,0.64386994,0.14639544,8.1243715
337.90625,1.4498419,0.6460889,0.14690304,8.1450815
338.10645,1.453274,0.64824855,0.1473074,8.1376867
338.30664,1.4563909,0.65017325,0.14773011,8.116641
338.50684,1.4610708,0.65230423,0.14819312,8.1147089
338.70703,1.4649332,0.65448868,0.14866829,8.1282959
338.90723,1.4686499,0.65655959,0.1491015,8.1384592
339.10742,1.4730287,0.6586653,0.14952469,8.1607714
339.30762,1.4771588,0.66053665,0.14992476,8.1298351
339.50781,1.4801704,0.66259867,0.15038013,8.1305542
339.70801,1.4841954,0.6646871,0.15083313,8.1592646
339.9082,1.4890331,0.66681051,0.15129614,8.1566534
340.1084,1.4926828,0.66920894,0.15177441,8.179759
340.30859,1.4976974,0.67110598,0.15216374,8.1431141
340.50879,1.5011606,0.67327124,0.1526587,8.1584387
340.70898,1.5047889,0.67526114,0.15310836,8.1538782
340.90918,1.5088545,0.67736661,0.15349317,8.1650028
341.10938,1.5127935,0.67948818,0.15396881,8.176774
341.30957,1.5170528,0.68163824,0.15439105,8.1661615
341.50977,1.5224664,0.68379283,0.15480614,8.1733322
341.70996,1.5246725,0.68563205,0.15527821,8.1579351
341.91016,1.5307292,0.6879375,0.15575624,8.1909485
342.11035,1.5327082,0.69001049,0.156142,8.1890612
342.31055,1.5382342,0.69235903,0.15664291,8.2225246
342.51074,1.5422473,0.69437873,0.15703535,8.1897192
342.71094,1.5461959,0.69654083,0.15749407,8.1984653
342.91113,1.549413,0.69865537,0.15792608,8.1855536
343.11133,1.552489,0.70077217,0.15838075,8.1847382
343.31152,1.5565475,0.70298117,0.15886211,8.1970119
343.51172,1.5606681,0.7050302,0.15928793,8.1804733
343.71191,1.563663,0.70708632,0.15966725,8.1818848
343.91211,1.5675685,0.70911181,0.16010165,8.1855469
344.1123,1.5729893,0.71132243,0.16056609,8.1869507
344.3125,1.5772606,0.71347958,0.16099596,8.1874685
344.5127,1.5810012,0.71552318,0.16145086,8.2015591
344.71289,1.5843378,0.71764302,0.16189408,8.1806841
344.91309,1.5891515,0.71975511,0.16236424,8.2074308
345.11328,1.5937932,0.72198522,0.16281033,8.2133598
345.31348,1.5962096,0.72410208,0.16322994,8.2073517
345.51367,1.6003613,0.72624063,0.16372895,8.1915731
345.71387,1.6054189,0.72853273,0.16420078,8.2232933
345.91406,1.6102542,0.73069906,0.164639,8.2145824
346.11426,1.6118555,0.73275906,0.16505098,8.22083
346.31445,1.6169347,0.73495179,0.16555691,8.2292786
346.51465,1.6207565,0.73682368,0.16588855,8.1979637
346.71484,1.6243967,0.73911434,0.166363,8.2147627
346.91504,1.6296765,0.7414645,0.1668582,8.2352762
347.11523,1.6322554,0.74339521,0.16733265,8.2139616
347.31543,1.6364406,0.74555844,0.1677568,8.2162218
347.51563,1.6414455,0.74766153,0.16814303,8.2236786
347.71582,1.6438477,0.74996507,0.16863537,8.2506809
347.91602,1.649345,0.75210553,0.16905046,8.2254953
348.11621,1.6534059,0.75421035,0.16955948,8.225709
348.31641,1.6566875,0.75642365,0.16998959,8.2349195
348.5166,1.6619793,0.75872052,0.17043686,8.2520819
348.7168,1.6645702,0.76082426,0.17085314,8.2374706
348.91699,1.6696159,0.76286,0.17134166,8.2499189
349.11719,1.6730601,0.76508641,0.17173243,8.2531462
349.31738,1.676662,0.7669915,0.17217708,8.2112179
349.51758,1.6815618,0.76929724,0.1726284,8.2401333
349.71777,1.6841168,0.77142435,0.17305827,8.2386646
349.91797,1.689968,0.77369368,0.17356205,8.2519321
350.11816,1.694373,0.77594334,0.17399979,8.2704983
350.31836,1.6970786,0.77790242,0.17440057,8.2573624
350.51855,1.6999325,0.78011256,0.17485785,8.2478456
350.71875,1.7048323,0.78214002,0.17529559,8.2402067
350.91895,1.709015,0.78453928,0.17580152,8.2575274
351.11914,1.7126456,0.78668553,0.17621469,8.2678185
351.31934,1.7166779,0.78890526,0.17664385,8.2737226
351.51953,1.7217665,0.79096746,0.17708015,8.2554073
351.71973,1.7248235,0.79314506,0.17752385,8.2674875
351.91992,1.7280334,0.79530609,0.17798662,8.2596531
352.12012,1.7332009,0.7978217,0.17848563,8.2724876
352.32031,1.737355,0.79985929,0.17890644,8.2695827
352.52051,1.7414254,0.80204242,0.17935395,8.2574244
352.7207,1.7452688,0.80420077,0.17980671,8.2500982
352.9209,1.7482876,0.80643147,0.18022656,8.274642
353.12109,1.7528671,0.80854893,0.18069148,8.2620554
353.32129,1.7574441,0.81081474,0.18117809,8.2748947
353.52148,1.7608167,0.81278676,0.18158555,8.2570086
353.72168,1.7664336,0.81531352,0.18205404,8.2809849
353.92188,1.7699637,0.8175149,0.18250322,8.2868252
354.12207,1.7721269,0.81959307,0.18294287,8.2659426
354.32227,1.7764602,0.82186693,0.18345833,8.2936258
354.52246,1.7820053,0.82402116,0.18386531,8.2805338
354.72266,1.7853301,0.82612813,0.18427467,8.2715492
354.92285,1.7892236,0.82812959,0.18479323,8.2688036
355.12305,1.7936406,0.83039433,0.1851635,8.2726212
355.32324,1.7971541,0.83245742,0.18558431,8.2686777
355.52344,1.8011289,0.83486044,0.1860702,8.2853041
355.72363,1.8047404,0.83692187,0.18650603,8.2759724
355.92383,1.8104194,0.83924818,0.1869998,8.2826805
356.12402,1.8132589,0.84143877,0.18736482,8.273119
356.32422,1.8173031,0.84362692,0.18789625,8.2849874
356.52441,1.8214978,0.84593797,0.18834138,8.3040915
356.72461,1.823723,0.84795696,0.18877196,8.2857885
356.9248,1.8293446,0.85045362,0.18927169,8.3095913
357.125,1.8331211,0.85262054,0.18971252,8.2844238
357.3252,1.8374926,0.85494971,0.19009447,8.2983227
357.52539,1.8421152,0.8571018,0.19060612,8.3028584
357.72559,1.8455857,0.85903782,0.19100547,8.2706099
357.92578,1.8487885,0.86159623,0.19147801,8.3173542
358.12598,1.8540038,0.86364788,0.19193792,8.2979088
358.32617,1.8578758,0.86595261,0.19234848,8.283803
358.52637,1.8612913,0.86837059,0.19283986,8.3024292
358.72656,1.8666022,0.87068242,0.19330144,8.3106146
358.92676,1.8697381,0.87263918,0.19374061,8.304184
359.12695,1.8733281,0.87485451,0.19418645,8.2991686
359.32715,1.8769085,0.87694967,0.1946218,8.2924557
359.52734,1.8803838,0.87949628,0.19509768,8.3397636
359.72754,1.8863783,0.88167208,0.19553947,8.3002949
359.92773,1.889997,0.88397497,0.19599771,8.3334312
360.12793,1.8940101,0.88622373,0.1964643,8.3350229
360.32813,1.8966894,0.88819546,0.19685245,8.307168
360.52832,1.9009056,0.89038301,0.19732952,8.2934675
360.72852,1.9056954,0.89275134,0.19778275,8.3113432
360.92871,1.9087142,0.89513737,0.19823098,8.329217
361.12891,1.9146514,0.8974098,0.19863582,8.3215437
361.3291,1.9171013,0.89955342,0.19910789,8.3213692
361.5293,1.92072,0.90178025,0.19958687,8.2944269
361.72949,1.9248788,0.90401727,0.20003676,8.3131285
361.92969,1.9292289,0.90615582,0.20047736,8.3129082
362.12988,1.9341693,0.90862125,0.2009201,8.3353043
362.33008,1.9384716,0.91076803,0.20128775,8.3305416
362.53027,1.9412227,0.91320449,0.20183229,8.3163166
362.73047,1.9459264,0.91540784,0.20222497,8.3158216
362.93066,1.9490288,0.91793907,0.20270944,8.3315516
363.13086,1.9531806,0.92011631,0.20316887,8.337182
363.33105,1.9560128,0.92205501,0.20357203,8.3025208
363.53125,1.9613142,0.92452246,0.2040329,8.331995
363.73145,1.9650692,0.92688346,0.20450807,8.3469486
363.93164,1.9698136,0.92919368,0.20498109,8.3404036
364.13184,1.9750384,0.93153489,0.20544624,8.3582659
364.33203,1.9787192,0.93373704,0.20587564,8.3349981
364.53223,1.9810281,0.93580633,0.20632172,8.3340025
364.73242,1.986057,0.9381907,0.20675325,8.3508625
364.93262,1.988299,0.94044513,0.20723224,8.3330584
365.13281,1.9943054,0.94273573,0.20768285,8.3685083
365.33301,1.9975512,0.94491309,0.20806265,8.3436966
365.5332,2.0023723,0.947335,0.20854211,8.3533525
365.7334,2.0056539,0.94959253,0.20899796,8.357852
365.93359,2.0085866,0.95167983,0.20943618,8.312479
366.13379,2.0141149,0.95409399,0.20992351,8.3487206
366.33398,2.0176046,0.95636755,0.21039581,8.3254185
366.53418,2.0231831,0.95873004,0.2108295,8.3584738
366.73438,2.0262425,0.96094626,0.21121788,8.3329067
366.93457,2.0303895,0.96326065,0.21171951,8.3415499
367.13477,2.0330424,0.965877,0.21217489,8.3665314
367.33496,2.036886,0.96835864,0.2126472,8.3668842
367.53516,2.0413914,0.97031409,0.21303988,8.3522167
367.73535,2.0442595,0.97258198,0.21348929,8.3521366
367.93555,2.0492311,0.97476363,0.21391249,8.3357372
368.13574,2.0528927,0.97718465,0.21441531,8.3541183
368.33594,2.0576372,0.979523,0.21483088,8.3434315
368.53613,2.0622358,0.98184395,0.2152586,8.3559933
368.73633,2.0639207,0.98405707,0.21572018,8.3323994
368.93652,2.0687919,0.986476,0.21623468,8.368475
369.13672,2.0734384,0.98860693,0.21665955,8.3600512
369.33691,2.0767319,0.99091947,0.21707511,8.3482237
369.53711,2.0817704,0.99348259,0.21756506,8.380805
369.7373,2.0856066,0.99586976,0.21805215,8.3790712
369.9375,2.0900381,0.99795043,0.2184763,8.3619823
370.1377,2.0935874,1.0002462,0.21889758,8.3504448
370.33789,2.0972633,1.0027893,0.21939969,8.3615618
370.53809,2.10147,1.0050267,0.21984029,8.3727264
370.73828,2.1053061,1.0072024,0.22021675,8.3479481
370.93848,2.1105957,1.0096422,0.22070956,8.3813114
371.13867,2.1133969,1.0118387,0.22114396,8.3567238
371.33887,2.1180744,1.0144049,0.22162032,8.3719616
371.53906,2.1216094,1.0165309,0.22209597,8.3375254
371.73926,2.1250441,1.0189413,0.22255182,8.3517418
371.93945,2.1289687,1.0212315,0.22300386,8.3560572
372.13965,2.1334288,1.0235372,0.22341895,8.3639421
372.33984,2.1366291,1.0260698,0.2238605,8.3624115
372.54004,2.1415026,1.0283003,0.22432971,8.3381653
372.74023,2.1458552,1.0309422,0.22480273,8.38416
372.94043,2.1494117,1.0330935,0.22517633,8.3605871
373.14063,2.1532955,1.0356966,0.22576046,8.3867846
373.34082,2.1577246,1.0379763,0.22610664,8.3819265
373.54102,2.1614196,1.0404983,0.22663188,8.3863802
373.74121,2.1662383,1.0428411,0.22706437,8.4009523
373.94141,2.1699095,1.04504,0.22750068,8.3673544
374.1416,2.1733084,1.0472007,0.2279253,8.3631058
374.3418,2.1766379,1.0493948,0.22839761,8.3548155
374.54199,2.1809998,1.0519228,0.22883821,8.3710108
374.74219,2.1854861,1.0543003,0.22921681,8.3735428
374.94238,2.1889997,1.0569282,0.2297647,8.3815889
375.14258,2.1942794,1.0592227,0.23016357,8.3703318
375.34277,2.198118,1.0616058,0.23060751,8.3777828
375.54297,2.2020667,1.0639112,0.23109794,8.3633785
375.74316,2.2052169,1.0662596,0.23146987,8.3734312
375.94336,2.2091987,1.0685289,0.23195982,8.3817339
376.14355,2.2131042,1.0708323,0.2324028,8.3505678
376.34375,2.216938,1.0732768,0.23283291,8.3774033
376.54395,2.221575,1.0756792,0.23325014,8.3840122
376.74414,2.2239172,1.0776923,0.2336998,8.339282
376.94434,2.229429,1.0804089,0.23417783,8.3762751
377.14453,2.2344794,1.0829051,0.23462296,8.3781071
377.34473,2.2370679,1.0853846,0.2350719,8.3824835
377.54492,2.2406819,1.0873958,0.23543334,8.3571119
377.74512,2.2446494,1.0902629,0.23592377,8.3873501
377.94531,2.2488275,1.0924108,0.23639011,8.3613529
378.14551,2.2525249,1.0948325,0.23685074,8.3687515
378.3457,2.25758,1.0974789,0.23728371,8.3926201
378.5459,2.2615621,1.0999343,0.23774791,8.3909082
378.74609,2.2656229,1.1022141,0.23824978,8.3823862
378.94629,2.2697842,1.1046549,0.23869252,8.3623857
379.14648,2.2736993,1.1069696,0.23910308,8.3831177
379.34668,2.2776406,1.1094792,0.23956895,8.3926325
379.54688,2.2812808,1.1121281,0.24000812,8.3888235
379.74707,2.2859297,1.1146845,0.24053192,8.394515
379.94727,2.2889102,1.1168866,0.24092436,8.3858881
380.14746,2.2937598,1.1192877,0.24132729,8.3705492
380.34766,2.2970247,1.1215922,0.24180603,8.3873444
380.54785,2.3015039,1.1241927,0.24223638,8.3784628
380.74805,2.3054166,1.1263678,0.24264979,8.360116
380.94824,2.3085141,1.1288737,0.24311709,8.3784199
381.14844,2.313457,1.1314052,0.24351001,8.3951559
381.34863,2.3178406,1.1336473,0.24399829,8.3672228
381.54883,2.3206537,1.1361619,0.24448037,8.3674774
381.74902,2.3253815,1.1386724,0.24489617,8.390893
381.94922,2.3302741,1.1410031,0.24531198,8.3764524
382.14941,2.3338091,1.143504,0.24573493,8.3833904
382.34961,2.3387759,1.1461257,0.24617267,8.3945026
382.5498,2.342478,1.1485138,0.2466166,8.3868113
382.75,2.3462856,1.1509347,0.24703288,8.3696728
382.9502,2.3491969,1.1535572,0.24751592,8.4191008
383.15039,2.3534441,1.1557289,0.24795794,8.3820658
383.35059,2.3578181,1.1582828,0.24836946,8.3918095
383.55078,2.361922,1.1610192,0.24886918,8.409709
383.75098,2.3668313,1.1634352,0.24925923,8.3896608
383.95117,2.369905,1.1661391,0.24982285,8.3926439
384.15137,2.3735526,1.168274,0.25016379,8.3849926
384.35156,2.3785024,1.1708759,0.25062776,8.4026089
384.55176,2.3818989,1.1730765,0.25106311,8.3793011
384.75195,2.3865693,1.1757591,0.25147223,8.3950891
384.95215,2.3893201,1.1782159,0.25190759,8.3884678
385.15234,2.3952932,1.1807073,0.25240397,8.396615
385.35254,2.3979845,1.1832215,0.25275111,8.3930063
385.55273,2.4025617,1.1855239,0.25322032,8.3829145
385.75293,2.4053795,1.1879206,0.25360703,8.3876486
385.95313,2.4096484,1.1905457,0.25409245,8.4056082
386.15332,2.4134774,1.1928157,0.25446963,8.3781557
386.35352,2.4187429,1.1952494,0.25494456,8.3795033
386.55371,2.4210711,1.1976831,0.25537944,8.3792181
386.75391,2.4261117,1.2002606,0.25579953,8.3839273
386.9541,2.4297352,1.2027736,0.25623536,8.3884964
387.1543,2.4333372,1.2052865,0.25665975,8.393343
387.35449,2.43839,1.2077535,0.25706458,8.3861713
387.55469,2.4422286,1.2103032,0.25748849,8.3993931
387.75488,2.4463682,1.2128594,0.25796437,8.398035
387.95508,2.4504125,1.2154337,0.25831246,8.3921461
388.15527,2.4528599,1.2177671,0.25870442,8.3800907
388.35547,2.4583406,1.2203642,0.25918555,8.3838596
388.55566,2.4613569,1.2228959,0.25960898,8.3948927
388.75586,2.4650185,1.2254182,0.26005769,8.3821411
388.95605,2.471025,1.2279302,0.26047587,8.4180012
389.15625,2.473114,1.2303531,0.26086593,8.4083757
389.35645,2.4778225,1.2328136,0.26127362,8.3880005
389.55664,2.4817495,1.2353582,0.26168895,8.3932791
389.75684,2.4864607,1.237751,0.26210952,8.3755674
389.95703,2.4897757,1.2405307,0.26254964,8.3828535
390.15723,2.4951272,1.2429974,0.26300454,8.4102402
390.35742,2.4972999,1.2455857,0.26345325,8.3858728
390.55762,2.5012102,1.2480775,0.26382613,8.3836746
390.75781,2.5050297,1.2502707,0.2642386,8.3672428
390.95801,2.5115118,1.2531657,0.26466489,8.397522
391.1582,2.5142317,1.2555265,0.26509213,8.3759613
391.3584,2.5181158,1.2579199,0.26548266,8.3922129
391.55859,2.5220547,1.2606602,0.26594472,8.3838224
391.75879,2.5247626,1.2630218,0.26634765,8.4077663
391.95898,2.5292945,1.2654109,0.26671529,8.4154205
392.15918,2.533886,1.2678905,0.26708865,8.3764353
392.35938,2.5369358,1.2705125,0.26751876,8.3892508
392.55957,2.5417018,1.2733361,0.26793075,8.4133978
392.75977,2.5459728,1.2757224,0.26830029,8.3704033
392.95996,2.5492353,1.2783372,0.26873136,8.3835087
393.16016,2.5536332,1.2807984,0.26914477,8.3657732
393.36035,2.5590851,1.2834624,0.26956201,8.3955832
393.56055,2.5615399,1.2861223,0.26999688,8.3984766
393.76074,2.5656271,1.2888912,0.27039886,8.4174891
393.96094,2.5698576,1.2914804,0.2708075,8.4023695
394.16113,2.5742435,1.2940863,0.27122188,8.3944254
394.36133,2.5777571,1.2964303,0.2715981,8.3954353
394.56152,2.5809958,1.2988596,0.27196765,8.3720169
394.76172,2.5847888,1.3014733,0.27238536,8.3789845
394.96191,2.59026,1.3041345,0.27276111,8.4003391
395.16211,2.5940268,1.3066269,0.27315688,8.394865
395.3623,2.5974329,1.3092053,0.27351213,8.3788033
395.5625,2.6025524,1.311846,0.27398324,8.3772659
395.7627,2.605031,1.3142421,0.27426982,8.3791542
395.96289,2.6100767,1.3172024,0.27479243,8.4213028
396.16309,2.6149478,1.3198721,0.27514005,8.3892555
396.36328,2.6188221,1.3222293,0.27556252,8.4096928
396.56348,2.6221972,1.3249416,0.27593112,8.4073467
396.76367,2.6260428,1.3272594,0.27631545,8.3791027
396.96387,2.6287723,1.3298826,0.27667785,8.3731556
397.16406,2.634774,1.3326268,0.27710605,8.3913422
397.36426,2.6373386,1.3350914,0.27741313,8.3814154
397.56445,2.6417055,1.3379019,0.27783895,8.395854
397.76465,2.6466627,1.3405688,0.27820325,8.3871908
397.96484,2.6502192,1.3431994,0.27863431,8.4007835
398.16504,2.653888,1.345871,0.27897668,8.4048595
398.36523,2.6573563,1.348452,0.27934957,8.3811426
398.56543,2.6630757,1.3511345,0.27971768,8.3838673
398.76563,2.6662045,1.3537678,0.28003716,8.3938684
398.96582,2.6716087,1.3563498,0.28044343,8.3820829
399.16602,2.6748328,1.3590093,0.28087831,8.3891315
399.36621,2.6777513,1.3615073,0.28116679,8.3844442
399.56641,2.6830719,1.3642358,0.28158641,8.3937368
399.7666,2.685837,1.3668182,0.28192496,8.383215
399.9668,2.6895969,1.3693876,0.28230548,8.3845358
400.16699,2.6935358,1.3721129,0.28265357,8.3827333
400.36719,2.6982563,1.3748353,0.28300691,8.3956842
400.56738,2.701942,1.3773377,0.28335023,8.387578
400.76758,2.7063112,1.3801085,0.2836678,8.4010134
400.96777,2.7106016,1.382279,0.28397918,8.3801918
401.16797,2.7133381,1.3848141,0.28433061,8.3715391
401.36816,2.7173967,1.3874972,0.28468204,8.3775721
401.56836,2.7217419,1.3901459,0.28505063,8.3789616
401.76855,2.7271414,1.3925968,0.28535247,8.3659143
401.96875,2.7310803,1.3951739,0.28569961,8.3632851
402.16895,2.7339246,1.397864,0.28604293,8.3834143
402.36914,2.7383654,1.4006227,0.28638387,8.4156036
402.56934,2.7417929,1.403106,0.28674245,8.3839321
402.76953,2.7452872,1.4059405,0.28708625,8.3779545
402.96973,2.7514205,1.4087384,0.28740764,8.3830299
403.16992,2.7536314,1.4113289,0.2877152,8.3798447
403.37012,2.7600203,1.4139286,0.2879827,8.389924
403.57031,2.7618439,1.4163463,0.2883389,8.3885689
403.77051,2.766727,1.4189366,0.28864884,8.3697529
403.9707,2.7703552,1.4218366,0.2889955,8.3777781
404.1709,2.7739689,1.4244879,0.28928018,8.3645363
404.37109,2.77841,1.4272248,0.28955913,8.3755417
404.57129,2.783042,1.4297726,0.2899406,8.3731594
404.77148,2.7859509,1.4324021,0.29020715,8.3858881
404.97168,2.7889767,1.4350132,0.29049325,8.3528252
405.17188,2.7945123,1.4376506,0.29073787,8.3909359
405.37207,2.7975192,1.4403207,0.29106832,8.3634214
405.57227,2.8016183,1.4426821,0.29129148,8.356205
405.77246,2.8062503,1.4454726,0.29159474,8.3737011
405.97266,2.8106434,1.4484562,0.29191804,8.3931522
406.17285,2.815505,1.4507973,0.29218984,8.3782845
406.37305,2.8175056,1.4534329,0.2924521,8.3688602
406.57324,2.8220325,1.4561913,0.29275441,8.3631248
406.77344,2.8265092,1.4588146,0.2930305,8.3575659
406.97363,2.8315287,1.4614646,0.29333186,8.3719778
407.17383,2.8343823,1.4641534,0.29359365,8.3636541
407.37402,2.8375995,1.4667375,0.29386544,8.3840256
407.57422,2.8423727,1.4692966,0.29414487,8.3790016
407.77441,2.8469117,1.4719207,0.29438901,8.3586378
407.97461,2.8502817,1.474591,0.29463553,8.3530788
408.1748,2.8548779,1.4773707,0.29490018,8.3655128
408.375,2.8584034,1.4802133,0.29515338,8.3702536
408.5752,2.861635,1.483021,0.29544139,8.3764486
408.77539,2.8672135,1.4858499,0.29571557,8.3867722
408.97559,2.8706529,1.4882578,0.29593873,8.3636761
409.17578,2.874042,1.4910845,0.29619336,8.3558035
409.37598,2.8786359,1.4934413,0.29641938,8.3234529
409.57617,2.8836002,1.4962933,0.29665971,8.3442717
409.77637,2.8874772,1.499002,0.29689813,8.3627443
409.97656,2.8902259,1.5018735,0.29713416,8.360445
410.17676,2.8950181,1.5043147,0.29733968,8.367403
410.37695,2.8972647,1.5070843,0.29760146,8.3618269
410.57715,2.9029126,1.5096551,0.29782987,8.3632221
410.77734,2.9063928,1.5122457,0.29798865,8.3597031
410.97754,2.9113045,1.5148338,0.29821467,8.3503761
411.17773,2.9137783,1.5173455,0.29846549,8.3337631
411.37793,2.917856,1.5201176,0.29864526,8.334527
411.57813,2.9224019,1.5229816,0.29886651,8.3552952
411.77832,2.9265058,1.5255016,0.2990582,8.3463554
411.97852,2.9308965,1.5283518,0.29927516,8.3457212
412.17871,2.9331121,1.5306903,0.29946446,8.3276091
412.37891,2.9384997,1.5334214,0.29967141,8.3353596
412.5791,2.9424052,1.5362351,0.29982686,8.3360481
412.7793,2.9452183,1.5390416,0.29999042,8.3458519
412.97949,2.9503379,1.541649,0.30026555,8.3551731
413.17969,2.9551995,1.5440568,0.30038905,8.32479
413.37988,2.9586725,1.5469671,0.30059648,8.3270702
413.58008,2.9627979,1.5498306,0.30076575,8.3618965
413.78027,2.9658811,1.5525135,0.30094934,8.3298473
413.98047,2.9702191,1.5554138,0.30110049,8.3357239
414.18066,2.9755015,1.5579605,0.30131507,8.33533
414.38086,2.9790366,1.5605602,0.30144429,8.3241892
414.58105,2.9821174,1.5633821,0.30162406,8.3359327
414.78125,2.9875264,1.5658913,0.30176187,8.3365822
414.98145,2.9914031,1.5688304,0.30193591,8.3507862
415.18164,2.9948759,1.5713034,0.30205321,8.3232031
415.38184,2.9977705,1.5740036,0.30222821,8.3522053
415.58203,3.0019581,1.5766057,0.30235982,8.3217134
415.78223,3.0060906,1.5792512,0.30251241,8.3388567
415.98242,3.0092909,1.5819095,0.30267215,8.3215981
416.18262,3.014014,1.5847902,0.30277562,8.3193445
416.38281,3.0188804,1.5873945,0.30296397,8.3150711
416.58301,3.0234334,1.5902729,0.30303884,8.3357363
416.7832,3.026782,1.5928857,0.30316281,8.3238211
416.9834,3.0315959,1.5956558,0.30328059,8.3069439
417.18359,3.0350711,1.598626,0.30340886,8.3222952
417.38379,3.0379632,1.6012026,0.30352616,8.2988081
417.58398,3.0416727,1.6039255,0.30365396,8.3162479
417.78418,3.046092,1.606935,0.30378413,8.3186207
417.98438,3.0497897,1.6096073,0.30385804,8.3152199
418.18457,3.0539007,1.612507,0.30400443,8.2929306
418.38477,3.0588627,1.6154244,0.30413318,8.3153782
418.58496,3.0618217,1.6179848,0.30420804,8.3006506
418.78516,3.0663342,1.6206174,0.30429006,8.3120232
418.98535,3.0703688,1.6231811,0.30439925,8.2989435
419.18555,3.0749698,1.626339,0.30450654,8.3309631
419.38574,3.0784452,1.628999,0.30458188,8.298173
419.58594,3.0827498,1.6316146,0.30469441,8.3067284
419.78613,3.0871069,1.6345574,0.30474639,8.3090668
419.98633,3.0898151,1.637216,0.30485749,8.283473
420.18652,3.095542,1.6398975,0.30495858,8.2989407
420.38672,3.0977168,1.6426359,0.30501962,8.2819395
420.58691,3.1026192,1.6452712,0.30510068,8.2843924
420.78711,3.1053605,1.647812,0.30518079,8.2764196
420.9873,3.1108699,1.6504576,0.3052423,8.2761154
421.1875,3.1152701,1.6534333,0.3053143,8.3074646
421.3877,3.1176746,1.6560227,0.30533814,8.2683954
421.58789,3.1233225,1.6589718,0.30543733,8.3041592
421.78809,3.1257749,1.6619005,0.30552649,8.3001366
421.98828,3.1304212,1.6642442,0.3056004,8.2647686
422.18848,3.1349602,1.6668266,0.30562329,8.2417316
422.38867,3.1374483,1.6696875,0.30567813,8.2818632
422.58887,3.1430891,1.6725936,0.30577636,8.2751379
422.78906,3.1457946,1.6753998,0.30582118,8.2850504
422.98926,3.1493487,1.6778659,0.3058269,8.280055
423.18945,3.154772,1.6804184,0.30588269,8.2459059
423.38965,3.1596816,1.6832087,0.30594277,8.2771797
423.58984,3.1627862,1.6858207,0.30600333,8.2659426
423.79004,3.1656017,1.6887891,0.30603671,8.2604599
423.99023,3.1703129,1.69175,0.30608535,8.2668552
424.19043,3.1740201,1.6944823,0.30617595,8.2677612
424.39063,3.1782768,1.6972057,0.3061173,8.2467995
424.59082,3.1829948,1.7000585,0.30616164,8.2614841
424.79102,3.1863077,1.7025505,0.30621362,8.2578259
424.99121,3.189379,1.7051997,0.30626321,8.2503881
425.19141,3.1955552,1.7080982,0.30630565,8.2435799
425.3916,3.1979215,1.7109568,0.3063395,8.2520142
425.5918,3.2015209,1.7134035,0.30634522,8.2127151
425.79199,3.205797,1.716415,0.30636668,8.2296581
425.99219,3.2107086,1.7189752,0.30639863,8.2333727
426.19238,3.2146978,1.7217557,0.30642295,8.2341137
426.39258,3.2191172,1.7246423,0.30649924,8.2325087
426.59277,3.22243,1.7273992,0.30650258,8.2256546
426.79297,3.2255683,1.7302498,0.30655503,8.2247982
426.99316,3.2306306,1.7330722,0.30656505,8.2415838
427.19336,3.2349949,1.7355514,0.30657601,8.2162771
427.39355,3.2383506,1.7383358,0.30660224,8.2210159
427.59375,3.244025,1.74137,0.30660748,8.2475328
427.79395,3.2458391,1.7439537,0.30664039,8.2362795
427.99414,3.2508895,1.7468662,0.3066752,8.212781
428.19434,3.2547975,1.74964,0.3066833,8.2121649
428.39453,3.2585404,1.7527283,0.30667806,8.2168598
428.59473,3.2624075,1.7552142,0.30669808,8.1879206
428.79492,3.2676253,1.7580547,0.30671096,8.1966515
428.99512,3.271024,1.7610226,0.306741,8.2215757
429.19531,3.2749081,1.7636729,0.30674529,8.1993437
429.39551,3.2768416,1.7661496,0.30674148,8.1851597
429.5957,3.282186,1.7689778,0.3067925,8.1966352
429.7959,3.287344,1.771885,0.30682683,8.2054873
429.99609,3.2907834,1.7744734,0.3067863,8.1913214
430.19629,3.2930541,1.7771184,0.30679679,8.1561184
430.39648,3.2985561,1.7798777,0.30681777,8.1804647
430.59668,3.3027055,1.7829986,0.30689073,8.1807766
430.79688,3.3073807,1.7856764,0.30688643,8.169733
430.99707,3.3110209,1.7886823,0.306844,8.1854677
431.19727,3.3146348,1.7912661,0.30689645,8.1681948
431.39746,3.3196063,1.7940959,0.3068893,8.1774921
431.59766,3.3217335,1.7969393,0.3068521,8.156992
431.79785,3.3259449,1.7997419,0.30690932,8.1577759
431.99805,3.3310478,1.8024647,0.30687451,8.1444798
432.19824,3.3344777,1.8052235,0.30693269,8.1785774
432.39844,3.3389306,1.807842,0.30695605,8.1413555
432.59863,3.3420689,1.8109589,0.30691409,8.1387882
432.79883,3.3458714,1.81373,0.30693698,8.1487446
432.99902,3.3503914,1.8165668,0.30695271,8.1522732
433.19922,3.3552265,1.8191618,0.30694509,8.1306438
433.39941,3.359297,1.8222975,0.30692172,8.1722755
433.59961,3.3632026,1.8248858,0.30694509,8.1489468
433.7998,3.3671916,1.8277651,0.30696368,8.1174059
434,3.3697538,1.8304532,0.30694222,8.1109905
434.2002,3.3743932,1.8333888,0.30692601,8.131999
434.40039,3.3787718,1.8363732,0.30696511,8.109539
434.60059,3.382663,1.8391351,0.30694127,8.1412287
434.80078,3.3863249,1.8418674,0.3069737,8.1196976
435.00098,3.3911409,1.8447504,0.30696845,8.1307678
435.20117,3.3956106,1.8476006,0.30699801,8.1347761
435.40137,3.3988156,1.8505489,0.30703282,8.1059942
435.60156,3.4030175,1.8533134,0.30694366,8.0946913
435.80176,3.4081302,1.8561718,0.30699086,8.1076899
436.00195,3.4104652,1.8591717,0.30696321,8.0883141
436.20215,3.4140625,1.8618882,0.30697751,8.0915003
436.40234,3.4188285,1.8647438,0.30696797,8.0815191
436.60254,3.4234819,1.8675998,0.30697036,8.10777
436.80273,3.42695,1.8701655,0.30698848,8.061986
437.00293,3.4315271,1.8734176,0.30700564,8.0872164
437.20313,3.4348927,1.8762344,0.3070128,8.090003
437.40332,3.4390323,1.8790476,0.3070457,8.0902185
437.60352,3.4424455,1.8819338,0.307019,8.0818901
437.80371,3.4471684,1.8848394,0.30704284,8.0763464
438.00391,3.4506819,1.8875186,0.30697608,8.0499382
438.2041,3.4542456,1.890554,0.30698848,8.0476475
438.4043,3.4591501,1.8936099,0.30703521,8.0722075
438.60449,3.4615378,1.8964787,0.30702329,8.0720911
438.80469,3.4668202,1.8990349,0.30700946,8.0509558
439.00488,3.471426,1.9020258,0.30699229,8.048481
439.20508,3.4746263,1.9047285,0.30701327,8.050745
439.40527,3.4789693,1.9077951,0.30702567,8.039505
439.60547,3.4835894,1.9106876,0.30700564,8.0323534
439.80566,3.4866991,1.9134499,0.30698895,8.0262547
440.00586,3.4911518,1.9164057,0.30701184,8.0367155
440.20605,3.4952366,1.9194794,0.30700755,8.049818
440.40625,3.499295,1.9220039,0.30699897,8.0233078
440.60645,3.504097,1.9251972,0.30698705,8.0484524
440.80664,3.5057533,1.9280174,0.30698037,8.0067692
441.00684,3.5110235,1.9310489,0.30701852,8.0251522
441.20703,3.5147116,1.9338863,0.30699039,8.0000925
441.40723,3.5187795,1.9367628,0.3069675,7.9955993
441.60742,3.5209475,1.9394852,0.30697513,7.9990439
441.80762,3.5267172,1.9426955,0.30699754,8.0158873
442.00781,3.5331061,1.9454256,0.30696464,7.9912448
442.20801,3.5350301,1.9482194,0.30694747,7.9814272
442.4082,3.5394518,1.9511434,0.30696607,7.9909778
442.6084,3.5425425,1.9541359,0.30699658,7.98912
442.80859,3.5457046,1.9574771,0.30698228,7.9813895
443.00879,3.5495598,1.9600602,0.30696225,7.9607716
443.20898,3.5557599,1.9631896,0.3069818,7.9718885
443.40918,3.5590105,1.9660172,0.30694747,7.9615602
443.60938,3.5620413,1.9687815,0.30694222,7.947423
443.80957,3.5664103,1.9718941,0.30696273,7.9600401
444.00977,3.5709469,1.9749718,0.30694747,7.9687366
444.20996,3.5749145,1.9778939,0.30690694,7.9246702
444.41016,3.5790303,1.980786,0.30691361,7.9413838
444.61035,3.5815425,1.9839083,0.3069551,7.9339209
444.81055,3.5868127,1.9865658,0.30694413,7.9288454
445.01074,3.5912464,1.9898036,0.30696034,7.9281812
445.21094,3.5958211,1.9927583,0.30693173,7.9251161
445.41113,3.5986655,1.995683,0.30690646,7.908628
445.61133,3.6024945,1.9984665,0.30693984,7.9086556
445.81152,3.6051953,2.0017719,0.30695844,7.9121714
446.01172,3.6120551,2.0046453,0.30696511,7.907908
446.21191,3.6160083,2.0074074,0.30694985,7.898315
446.41211,3.6185396,2.010524,0.30694652,7.90271
446.6123,3.6235278,2.0135126,0.30691075,7.8931365
446.8125,3.6272898,2.0165367,0.30695891,7.8986259
447.0127,3.6306911,2.0197217,0.30688596,7.8957558
447.21289,3.6345463,2.022501,0.30689931,7.8623161
447.41309,3.6390183,2.0254142,0.30692887,7.8720508
447.61328,3.6436527,2.0282702,0.30695033,7.8594036
447.81348,3.6461625,2.0311837,0.30694318,7.8539777
448.01367,3.651294,2.0345321,0.30692172,7.8671951
448.21387,3.6547382,2.0374095,0.30690646,7.8483925
448.41406,3.6588781,2.0404098,0.30693269,7.8524303
448.61426,3.6633093,2.0435281,0.30691266,7.8403168
448.81445,3.6675446,2.046406,0.30692887,7.8496375
449.01465,3.671957,2.0494885,0.30693698,7.8419757
449.21484,3.6746674,2.0524585,0.30690789,7.8246083
449.41504,3.6802316,2.0556328,0.30692649,7.8332624
449.61523,3.6840296,2.0589209,0.30691886,7.8337173
449.81543,3.6864698,2.0619993,0.30689263,7.8285875
450.01563,3.6913195,2.0649185,0.30690646,7.8273063
450.21582,3.6946681,2.0679061,0.30692172,7.8095608
450.41602,3.7000723,2.0706341,0.30690122,7.806397
450.61621,3.7030456,2.0739861,0.30692792,7.8062716
450.81641,3.7073431,2.077002,0.30690742,7.8057027
451.0166,3.7111027,2.0799041,0.30685353,7.7826514
451.2168,3.7145135,2.0832956,0.30692983,7.8144641
451.41699,3.7194419,2.0862358,0.30694175,7.7832274
451.61719,3.7228982,2.0894065,0.30689168,7.7754278
451.81738,3.7262323,2.0922444,0.30688214,7.7581744
452.01758,3.7315075,2.095413,0.3068769,7.7658329
452.21777,3.7366486,2.0986407,0.30695558,7.7697372
452.41797,3.7401407,2.1016724,0.30688787,7.7845054
452.61816,3.7433603,2.1044002,0.30691123,7.7598033
452.81836,3.7475142,2.1076028,0.30688262,7.7591643
453.01855,3.7517638,2.110559,0.30684352,7.7280254
453.21875,3.755079,2.1136944,0.30686975,7.7340236
453.41895,3.7577322,2.1167538,0.30686307,7.7197866
453.61914,3.762228,2.1199281,0.3068769,7.7309079
453.81934,3.7670274,2.1228633,0.30686021,7.707253
454.01953,3.7728713,2.1263285,0.306844,7.7144465
454.21973,3.7757418,2.1293278,0.30686164,7.6997819
454.41992,3.779614,2.1324141,0.30686975,7.7246528
454.62012,3.7838707,2.1353247,0.30684829,7.6888304
454.82031,3.7864904,2.1383553,0.30683732,7.6886449
455.02051,3.7921884,2.1416142,0.30685782,7.6989951
455.2207,3.7960606,2.1447556,0.30681682,7.6824889
455.4209,3.7985032,2.1480637,0.30687213,7.6796999
455.62109,3.8038883,2.1511455,0.30682969,7.6655321
455.82129,3.8070362,2.1542151,0.30686879,7.6681423
456.02148,3.8099329,2.1573219,0.30682874,7.6558437
456.22168,3.8154087,2.1601987,0.30681729,7.6408896
456.42188,3.8193333,2.1632545,0.30684257,7.64252
456.62207,3.8236117,2.166702,0.30685353,7.6581707
456.82227,3.8279164,2.169615,0.30684304,7.6416931
457.02246,3.8306293,2.1727338,0.3068254,7.6267085
457.22266,3.8345993,2.1758394,0.30680966,7.6271129
457.42285,3.8399842,2.1790609,0.30684352,7.6250772
457.62305,3.8432205,2.1822364,0.30676866,7.6049628
457.82324,3.8462965,2.1852629,0.3068006,7.6189928
458.02344,3.8525038,2.1885693,0.30678296,7.6234479
458.22363,3.8558476,2.1917901,0.30676103,7.5979152
458.42383,3.8600447,2.1951034,0.30675006,7.5964508
458.62402,3.8626285,2.1982055,0.30676961,7.5924945
458.82422,3.8679011,2.2012348,0.30681396,7.582972
459.02441,3.8708005,2.2044427,0.30683255,7.5886722
459.22461,3.8742709,2.207551,0.30679727,7.5613155
459.4248,3.8794599,2.2108235,0.30676198,7.5847893
459.625,3.8832817,2.2141156,0.30680013,7.5724592
459.8252,3.8881218,2.2173436,0.30676055,7.5673008
460.02539,3.8911502,2.22031,0.30681634,7.555984
460.22559,3.896148,2.2235367,0.3068049,7.5755968
460.42578,3.900388,2.226541,0.30681872,7.5625515
460.62598,3.9039087,2.2298269,0.30675769,7.5469313
460.82617,3.9060407,2.2327292,0.30673099,7.5185084
461.02637,3.9108665,2.2361052,0.30678105,7.5218449
461.22656,3.9151378,2.2393031,0.30673623,7.5171132
461.42676,3.9181755,2.2427089,0.3068068,7.5229406
461.62695,3.9234746,2.245961,0.30679584,7.5233779
461.82715,3.9263499,2.2489669,0.30678201,7.4886332
462.02734,3.930253,2.2523553,0.30681491,7.5253801
462.22754,3.9359751,2.2554233,0.30671477,7.4729695
462.42773,3.9380329,2.2582977,0.30672002,7.4478846
462.62793,3.9428108,2.261976,0.30670238,7.4762187
462.82813,3.9466541,2.2651923,0.30673862,7.4647632
463.02832,3.9513221,2.2683017,0.30673385,7.4566154
463.22852,3.9559805,2.271734,0.30671,7.4702363
463.42871,3.9585619,2.2748587,0.30671191,7.4435439
463.62891,3.96312,2.2781665,0.30667996,7.449594
463.8291,3.9667888,2.2814963,0.30668855,7.4312382
464.0293,3.970154,2.2847846,0.30669713,7.4264951
464.22949,3.9759932,2.2881348,0.30669141,7.4335008
464.42969,3.9788494,2.2913079,0.30667329,7.3998837
464.62988,3.9836392,2.2945726,0.30663848,7.3921905
464.83008,3.9879463,2.2977896,0.30666614,7.4077406
465.03027,3.9909627,2.300878,0.30667996,7.39573
465.23047,3.9959748,2.3043697,0.30665469,7.3993239
465.43066,3.9990342,2.3075426,0.3066566,7.3684244
465.63086,4.003222,2.3109655,0.30669427,7.3880768
465.83105,4.0075192,2.3142662,0.30664611,7.3662267
466.03125,4.012013,2.3176961,0.30663228,7.3828688
466.23145,4.0145345,2.3208632,0.3066566,7.3591084
466.43164,4.0197878,2.324348,0.30663323,7.3510613
466.63184,4.0245633,2.3278472,0.30663991,7.3592973
466.83203,4.0270157,2.3309958,0.30663896,7.3452172
467.03223,4.0327449,2.3344967,0.30661893,7.3375983
467.23242,4.0359144,2.337712,0.30668616,7.3214836
467.43262,4.0399752,2.3412361,0.30664849,7.3194733
467.63281,4.0434265,2.344316,0.30662847,7.2967596
467.83301,4.0475831,2.3475974,0.30661702,7.3150468
468.0332,4.0526023,2.3511755,0.30658603,7.3223658
468.2334,4.0549207,2.3541989,0.30658412,7.2786064
468.43359,4.0594382,2.3577585,0.30661702,7.2700033
468.63379,4.0626216,2.3610172,0.30657983,7.2700653
468.83398,4.0697541,2.3644187,0.30660176,7.2733369
469.03418,4.0699258,2.3674936,0.30654407,7.249846
469.23438,4.0747375,2.3709309,0.30661273,7.2484903
469.43457,4.0792665,2.3745677,0.30658603,7.2593565
469.63477,4.0825605,2.3777006,0.30657315,7.2241716
469.83496,4.0887318,2.3816392,0.30656314,7.2422419
470.03516,4.0911264,2.3849361,0.30659986,7.2346354
470.23535,4.0949793,2.3883266,0.30657268,7.222506
470.43555,4.099308,2.3917177,0.30654454,7.2177186
470.63574,4.1026278,2.3953731,0.30659223,7.1984372
470.83594,4.1077476,2.3988378,0.30651879,7.1940937
471.03613,4.1118445,2.4022796,0.30653977,7.1721764
471.23633,4.1154537,2.4059258,0.30657983,7.1748509
471.43652,4.1202364,2.4095325,0.30652452,7.1921754
471.63672,4.123642,2.4128201,0.30654597,7.1504712
471.83691,4.1274137,2.4162242,0.30652928,7.1594629
472.03711,4.1327105,2.4197495,0.30656695,7.1812434
472.2373,4.1355834,2.4230735,0.30653501,7.1616297
472.4375,4.1401081,2.4263225,0.30653405,7.1284428
472.6377,4.1436954,2.4297495,0.30653691,7.1577935
472.83789,4.1471038,2.4333427,0.30654931,7.1324697
473.03809,4.151186,2.4369276,0.30651021,7.1235414
473.23828,4.1549459,2.4401846,0.30651546,7.0900846
473.43848,4.1596451,2.443521,0.30650449,7.0914483
473.63867,4.1638064,2.4474423,0.3065455,7.1215553
473.83887,4.1674056,2.4507325,0.30652976,7.0860853
474.03906,4.171598,2.4544322,0.30649734,7.0950518
474.23926,4.1767559,2.4576504,0.30648255,7.0613003
474.43945,4.1804657,2.4611001,0.30651975,7.074266
474.63965,4.1843781,2.4647768,0.30648255,7.0794125
474.83984,4.1872392,2.4680696,0.30645394,7.045228
475.04004,4.1910062,2.4717631,0.30645871,7.0310912
475.24023,4.195251,2.4755414,0.30643344,7.0336633
475.44043,4.2010326,2.4794552,0.30647922,7.02952
475.64063,4.2031384,2.4829364,0.30645204,7.0117483
475.84082,4.2075434,2.4862254,0.30640435,7.0006051
476.04102,4.2113342,2.4897678,0.30644298,7.0196662
476.24121,4.2154646,2.4932404,0.30642343,6.9882498
476.44141,4.2195611,2.4965336,0.30646062,6.9837117
476.6416,4.2243223,2.5000768,0.30640292,6.9682608
476.8418,4.2272072,2.5036688,0.30643916,6.9636889
477.04199,4.2326522,2.5072279,0.30641341,6.9490714
477.24219,4.2341819,2.5110607,0.30642009,6.9526658
477.44238,4.2401786,2.514457,0.30636144,6.932251
477.64258,4.2428126,2.5184205,0.3064034,6.9329915
477.84277,4.2478509,2.5220084,0.30642772,6.9471393
478.04297,4.2520456,2.5253971,0.306391,6.92594
478.24316,4.2542181,2.529088,0.30641294,6.8976974
478.44336,4.2590442,2.5327737,0.30634379,6.8962274
478.64355,4.2628226,2.5363636,0.306422,6.8997364
478.84375,4.2685614,2.5400326,0.30639052,6.9163198
479.04395,4.2719674,2.5432296,0.30641103,6.8729963
479.24414,4.2751369,2.5472982,0.30638385,6.86624
479.44434,4.2800341,2.550741,0.30639005,6.8585796
479.64453,4.2838154,2.5544417,0.30638433,6.8600612
479.84473,4.2871213,2.5581927,0.30633664,6.8496852
480.04492,4.2915835,2.5617628,0.30637813,6.8519368
480.24512,4.2960482,2.5651696,0.30630565,6.812335
480.44531,4.2982783,2.5687006,0.30634236,6.8227143
480.64551,4.3031707,2.5724456,0.30630422,6.8071461
480.8457,4.3079462,2.5761576,0.30632854,6.807426
481.0459,4.3122416,2.5799232,0.30633426,6.7975907
481.24609,4.3157406,2.5831316,0.30630851,6.755012
481.44629,4.3191419,2.5874887,0.30628276,6.7888999
481.64648,4.3249812,2.5912609,0.30629754,6.7846951
481.84668,4.3273926,2.594764,0.30629802,6.7481241
482.04688,4.3313079,2.5985684,0.30631328,6.7361255
482.24707,4.3356719,2.6020842,0.3062675,6.7298398
482.44727,4.3401275,2.6057339,0.30626273,6.7238874
482.64746,4.3442121,2.6093001,0.30623317,6.7193384
482.84766,4.3476586,2.6130972,0.30625033,6.7275558
483.04785,4.3522525,2.616811,0.30626369,6.6998305
483.24805,4.3570042,2.6208105,0.30625701,6.7068243
483.44824,4.3594899,2.6243677,0.30623937,6.6955867
483.64844,4.3638043,2.6281335,0.30626178,6.6609249
483.84863,4.3689046,2.6318767,0.30622602,6.656261
484.04883,4.3714023,2.6355608,0.30623603,6.6614089
484.24902,4.3755445,2.6393661,0.3062017,6.6518283
484.44922,4.3796196,2.6435518,0.306216,6.6450157
484.64941,4.3842688,2.6470277,0.30618358,6.6387401
484.84961,4.3893046,2.6507185,0.3061831,6.6130319
485.0498,4.3919172,2.65429,0.30615497,6.6303511
485.25,4.3955503,2.6582518,0.30614877,6.6107497
485.4502,4.4004593,2.6617546,0.30614066,6.5900869
485.65039,4.4045491,2.6654205,0.30615258,6.592907
485.85059,4.4079189,2.6693771,0.30618119,6.5869026
486.05078,4.4104886,2.6727996,0.30613351,6.5520678
486.25098,4.4149199,2.6766655,0.30614161,6.5628643
486.45117,4.4197693,2.6801164,0.30613494,6.5324688
486.65137,4.4237704,2.6841555,0.30616164,6.5357027
486.85156,4.4264116,2.6879909,0.30616117,6.5297513
487.05176,4.4310508,2.6922836,0.30612206,6.5327077
487.25195,4.4344616,2.6963308,0.30613685,6.5169172
487.45215,4.4393401,2.6998098,0.30607963,6.4865108
487.65234,4.4434748,2.7035832,0.3061049,6.5071502
487.85254,4.4464197,2.7071877,0.30605531,6.4574432
488.05273,4.4516826,2.7112427,0.30608392,6.4770665
488.25293,4.4548068,2.7152491,0.30611062,6.4585247
488.45313,4.4599481,2.7192147,0.30607581,6.4306693
488.65332,4.4635978,2.723155,0.3060739,6.4336638
488.85352,4.4666185,2.7269785,0.30601859,6.4147987
489.05371,4.4725389,2.7305815,0.30604863,6.4358778
489.25391,4.4759927,2.7342877,0.30605483,6.4120774
489.4541,4.4806848,2.7383773,0.30605006,6.4086733
489.6543,4.4840932,2.7424262,0.30604959,6.3784542
489.85449,4.4879389,2.746243,0.30603051,6.3811307
490.05469,4.4923272,2.7499852,0.30601239,6.3771806
490.25488,4.4960127,2.7538412,0.30601954,6.351181
490.45508,4.5002718,2.7576945,0.30605054,6.3500962
490.65527,4.5027747,2.7612772,0.3060143,6.3186502
490.85547,4.507813,2.7652266,0.30598474,6.311254
491.05566,4.5117469,2.7695372,0.30598807,6.3230553
491.25586,4.5156217,2.7734041,0.3059957,6.3043261
491.45605,4.5197659,2.777184,0.30598187,6.2725286
491.65625,4.522419,2.781384,0.30601287,6.2848701
491.85645,4.528564,2.7853968,0.30593801,6.277648
492.05664,4.5305576,2.7893591,0.30595136,6.2615719
492.25684,4.5345778,2.7930152,0.30594468,6.2331328
492.45703,4.5404816,2.7972662,0.30593228,6.2515116
492.65723,4.5435529,2.8008239,0.30591321,6.2292004
492.85742,4.5482278,2.8048394,0.30593705,6.2191477
493.05762,4.5524607,2.8087835,0.30596995,6.2288418
493.25781,4.5561514,2.8127,0.30590987,6.2124119
493.45801,4.5591989,2.8168998,0.30592227,6.1981807
493.6582,4.5636516,2.8208675,0.30591559,6.1621928
493.8584,4.5671005,2.8248072,0.3059051,6.1407542
494.05859,4.5716991,2.8290834,0.30594563,6.1632352
494.25879,4.5754471,2.8331981,0.30590367,6.1484218
494.45898,4.5794411,2.8372304,0.30593133,6.1284885
494.65918,4.584527,2.8411033,0.30589509,6.1212072
494.85938,4.5888963,2.8454139,0.30591607,6.1050081
495.05957,4.5918002,2.8495393,0.30587935,6.1043892
495.25977,4.5961456,2.8535788,0.30586743,6.087492
495.45996,4.6000652,2.8575461,0.30586314,6.0687599
495.66016,4.6040044,2.8613997,0.3058598,6.0673399
495.86035,4.6074915,2.8652852,0.30584407,6.0367122
496.06055,4.6120734,2.8695316,0.30579543,6.0483217
496.26074,4.6163712,2.8735161,0.30585599,6.0298939
496.46094,4.6202168,2.8775556,0.30581546,6.0247831
496.66113,4.6246481,2.8813884,0.30582452,5.9957018
496.86133,4.6280303,2.8851972,0.30577826,5.9670143
497.06152,4.6315603,2.8893437,0.30576158,5.9728417
497.26172,4.6361136,2.8935452,0.30577683,5.9676619
497.46191,4.6397395,2.8976629,0.3057797,5.9579597
497.66211,4.6446323,2.9019804,0.3057816,5.9276648
497.8623,4.649343,2.9057322,0.30575299,5.9297929
498.0625,4.6518526,2.9098015,0.30578876,5.9284782
498.2627,4.6562624,2.9140041,0.30576253,5.8983731
498.46289,4.6596637,2.917906,0.3057282,5.8642678
498.66309,4.6649079,2.9222672,0.30573297,5.8664227
498.86328,4.6676874,2.9264936,0.30573678,5.8768892
499.06348,4.6723461,2.9305143,0.30570722,5.8559184
499.26367,4.6762204,2.9347882,0.30570102,5.834106
499.46387,4.6802287,2.9389002,0.30571246,5.8193893
499.66406,4.6845665,2.9429533,0.30567098,5.777307
499.86426,4.6879153,2.9476299,0.30565858,5.7750816
500.06445,4.6906447,2.9521182,0.30563951,5.7503719
500.26465,4.6970935,2.9569426,0.30562711,5.6952815
500.46484,4.7002339,2.9619071,0.30559611,5.5984392
500.66504,4.7033939,2.9670253,0.30557561,5.5588889
500.86523,4.7087216,2.9731023,0.30553126,5.4858103
501.06543,4.7127681,2.9827716,0.30532289,5.2304139
501.26563,4.7158799,2.9950125,0.30513263,4.7871509
